CODICE REGIONALE,DENOMINAZIONE,INTESTATARIO,VIA,COMUNE,CAP,PROV.,C.F.,P.I.,COMUNE,CLASSIFICAZIONE TECNICA,TIPO,CLASS,QUOTA PARTENZA,QUOTA ARRIVO
M.1.1,Pozza della Stella,Azienda Trasporti Funicolari Malcesine-Monte Baldo,C.so  Porta Nuova 96,Verona,37121,VR,80004610236,1468720238,Malcesine,discesa,facile,class C,,
M.2.1,Panoramica,Prada Costabella srl,Contrada Ca' Montagna,San Zeno di Montagna,37010,VR,3410630234,3410630234,San Zeno di Montagna,discesa,media difficoltà,class D,1826,1126
M.2.2,Cornetta ,Prada Costabella srl,Contrada Ca' Montagna,San Zeno di Montagna,37010,VR,3410630234,3410630234,San Zeno di Montagna,discesa,media difficoltà,class D,1826,1437
M.2.4,Canalone di faggi,Prada Costabella srl,Contrada Ca' Montagna,San Zeno di Montagna,37010,VR,3410630234,3410630234,San Zeno di Montagna,discesa,media difficoltà,class D,1554,1018
M.2.5,Slalom agonistico,Prada Costabella srl,Contrada Ca' Montagna,San Zeno di Montagna,37010,VR,3410630234,3410630234,San Zeno di Montagna,discesa,media difficoltà,class D,1845,1554
M.2.6,Cornetto primo,Prada Costabella srl,Contrada Ca' Montagna,San Zeno di Montagna,37010,VR,3410630234,3410630234,San Zeno di Montagna,discesa,media difficoltà,class D,1826,1555
M.2.7,Cornetto diretto,Prada Costabella srl,Contrada Ca' Montagna,San Zeno di Montagna,37010,VR,3410630234,3410630234,San Zeno di Montagna,discesa,media difficoltà,class D,1826,1557
N.2.13,Vallon,Nuova Lessinia SpA,Piazza Chiesa 35,Bosco Chiesanuova,37021,VR,3085970238,3085970238,Boscochiesanuova,discesa,,,1595,1506
N.2.14,Variante Vallon,Nuova Lessinia SpA,Piazza Chiesa 35,Bosco Chiesanuova,37021,VR,3085970238,3085970238,Boscochiesanuova,discesa,,,1595,1550
N.2.15,Gaibana,Nuova Lessinia SpA,Piazza Chiesa 35,Bosco Chiesanuova,37021,VR,3085970238,3085970238,Boscochiesanuova,discesa,,,1760,
N.2.16,Belvedere,Nuova Lessinia SpA,Piazza Chiesa 35,Bosco Chiesanuova,37021,VR,3085970238,3085970238,Boscochiesanuova,discesa,,,1810,
N.2.17,Raccordo Belvedere – Slalom,Nuova Lessinia SpA,Piazza Chiesa 35,Bosco Chiesanuova,37021,VR,3085970238,3085970238,Boscochiesanuova,discesa,,,1710,1599
N.2.31,Raccordo Slalom - Gaibana,Nuova Lessinia SpA,Piazza Chiesa 35,Bosco Chiesanuova,37021,VR,3085970238,3085970238,Boscochiesanuova,discesa,facile,class C,1600,1645
N.2.32,Slalom,Nuova Lessinia SpA,Piazza Chiesa 35,Bosco Chiesanuova,37021,VR,3085970238,3085970238,Boscochiesanuova,discesa,media difficoltà,class D,1640,1494
N.2.33,Slalom stadio  ,Nuova Lessinia SpA,Piazza Chiesa 35,Bosco Chiesanuova,37021,VR,3085970238,3085970238,Boscochiesanuova,discesa,media difficoltà,class D,1640,1494
N.2.34,Variante Slalom stadio,Nuova Lessinia SpA,Piazza Chiesa 35,Bosco Chiesanuova,37021,VR,3085970238,3085970238,Boscochiesanuova,discesa,media difficoltà,class D,1654,1623
